Row #	Team Member	Learning Rate	Batch Size	Epochs	Regularization Strength	Activation Function	Optimizer	Architecture	Training Loss	Validation Loss	Accuracy	Notes	Training Accuracy	Best Val Accuracy	Best Val Epoch	Time (s)	Device	Seed
1	1	0.001	32	5	0.0	ReLU	SGD	Pyramid	0.3760389322916667	0.345137158203125	0.9018	best val acc 0.9018 at epoch 5	0.8959666666666667	0.9018	5	4.7	mps	0
2	1	0.001	64	5	0.01	ReLU	SGD	Pyramid	0.611126953125	0.54047392578125	0.8688	best val acc 0.8688 at epoch 5	0.8540333333333333	0.8688	5	2.5	mps	0
3	1	0.01	32	10	0.0	Sigmoid	SGD	Inverted Pyramid	0.29717018229166664	0.283937451171875	0.9214	best val acc 0.9214 at epoch 10	0.9184333333333333	0.9214	10	9.3	mps	0
4	2	0.01	64	10	0.01	Sigmoid	SGD	Inverted Pyramid	0.7942457682291667	0.7579369140625	0.8212	best val acc 0.8212 at epoch 10	0.8087666666666666	0.8212	10	4.7	mps	0
5	2	0.1	128	20	0.0	Tanh	Adam	Cone	2.4189713541666666	2.4738771484375	0.0958	best val acc 0.1135 at epoch 6; did not converge (final val acc < 50%)	0.10005	0.1135	6	11.8	mps	0
6	2	0.1	128	20	0.1	Tanh	Adam	Cone	2.304341927083333	2.30340625	0.0974	best val acc 0.1135 at epoch 5; did not converge (final val acc < 50%)	0.10506666666666667	0.1135	5	12.1	mps	0
7	3	0.001	32	20	0.1	ReLU	Adam	Hourglass	0.7144421223958334	0.697752001953125	0.8167	best val acc 0.8242 at epoch 14	0.8129833333333333	0.8242	14	39.2	mps	0
8	3	0.01	128	5	0.0	Tanh	RMSprop	Hourglass	0.35070628255208336	0.34605078125	0.9013	best val acc 0.9013 at epoch 5	0.89825	0.9013	5	2.4	mps	0
9	3	0.01	128	5	0.01	Sigmoid	RMSprop	Cylinder	0.9630227213541667	1.01594453125	0.6405	best val acc 0.7155 at epoch 4	0.70855	0.7155	4	2.1	mps	0
10	4	0.001	128	20	0.1	ReLU	Adam	Cylinder	0.5414252278645834	0.5265158203125	0.8838	best val acc 0.8870 at epoch 9	0.8758833333333333	0.887	9	8.2	mps	0
11	4	0.1	32	5	0.0	Sigmoid	Adam	Pyramid	2.41112265625	2.459080078125	0.098	best val acc 0.1028 at epoch 2; did not converge (final val acc < 50%)	0.10303333333333334	0.1028	2	7.8	mps	0
12	4	0.1	64	10	0.01	Tanh	SGD	Pyramid	0.167810302734375	0.17795238037109376	0.9552	best val acc 0.9611 at epoch 9	0.9585666666666667	0.9611	9	4.9	mps	0
